date,airlines,flight_no,departure_airport,departure_time,arrival_city,arrival_time,distance,flight_duration,flight_duration_hours,flight_duration_minutes
2026/4/9,日本航空,JL25,东京羽田,16:35,北京首都,19:45,2113km,4 hr 10 min,4,10
2026/4/9,日本航空,JL116,大阪国际,12:40,东京羽田,13:55,403km,1 hr 15 min,1,15
2026/4/7,日本航空,JL2300,松山,11:10,大阪国际,12:00,273km,0 hr 50 min,0,50
2026/3/31,日本航空,JL221,东京羽田,07:20,大阪关西,08:35,450km,1 hr 15 min,1,15
2026/3/30,日本航空,JL20,北京首都,08:25,东京羽田,12:55,2113km,3 hr 30 min,3,30
2026/3/10,深圳航空,ZH9111,深圳宝安,14:05,北京首都,18:50,2077km,4 hr 45 min,4,45
2026/1/13,厦门航空,MF8171,福州长乐,14:00,北京大兴,17:00,1681km,3 hr 00 min,3,0
2026/1/8,南方航空,CZ8973,北京大兴,09:40,泉州晋江,12:20,1732km,2 hr 40 min,2,40
2025/12/10,东方航空,MU526,大阪关西,15:55,北京大兴,18:35,1763km,3 hr 40 min,3,40
2025/11/28,星悦航空,7G23,东京羽田,12:00,大阪关西,13:25,450km,1 hr 25 min,1,25
2025/11/27,全日空航空,NH964,北京首都,08:25,东京羽田,12:40,2113km,3 hr 15 min,3,15
2025/11/12,南方航空,CZ6214,北京大兴,10:45,大庆萨尔图,12:55,1100km,2 hr 10 min,2,10
2025/11/2,日本航空,JL25,东京羽田,17:00,北京首都,20:15,2113km,4 hr 15 min,4,15
2025/10/22,日本航空,JL20,北京首都,08:25,东京羽田,13:00,2113km,3 hr 35 min,3,35
2025/10/3,日本航空,JL25,东京羽田,16:40,北京首都,19:45,2113km,4 hr 05 min,4,5
2025/9/19,日本航空,JL20,北京首都,08:25,东京羽田,13:00,2113km,3 hr 35 min,3,35
2025/9/2,东方航空,MU2016,中国澳门,17:50,北京大兴,20:55,1950km,3 hr 05 min,3,5
2025/8/29,国泰航空,CX345,北京首都,07:25,香港国际,11:05,1993km,3 hr 40 min,3,40
2025/6/8,日本航空,JL25,东京羽田,16:40,北京首都,19:45,2113km,4 hr 05 min,4,5
2025/6/1,日本航空,JL20,北京首都,08:25,东京羽田,12:55,2113km,3 hr 30 min,3,30
2025/4/20,东方航空,MU5115,上海虹桥,15:00,北京首都,17:15,1178km,2 hr 15 min,2,15
2025/4/19,东方航空,MU5104,北京首都,09:00,上海虹桥,11:15,1178km,2 hr 15 min,2,15
2025/2/17,东方航空,MU526,大阪关西,15:55,北京大兴,18:35,1763km,3 hr 40 min,3,40
2025/2/15,东方航空,MU525,北京大兴,10:55,大阪关西,14:45,1763km,2 hr 50 min,2,50
2024/12/22,东方航空,MU790,东京羽田,16:40,北京大兴,20:05,2102km,4 hr 25 min,4,25
2024/12/20,东方航空,MU789,北京大兴,10:55,东京羽田,15:10,2103km,3 hr 15 min,3,15
2024/12/1,东方航空,MU5195,上海浦东,19:55,北京大兴,22:00,1178km,2 hr 05 min,2,5
2024/12/1,东方航空,MU226,大阪关西,13:10,上海浦东,15:10,1337km,3 hr 00 min,3,0
2024/11/23,东方航空,MU525,北京大兴,10:25,大阪关西,14:45,1763km,3 hr 20 min,3,20
2024/10/10,全日空航空,NH979,大阪关西,09:30,北京首都,12:05,1757km,3 hr 35 min,3,35
2024/10/4,全日空航空,NH23,东京羽田,12:00,大阪国际,13:05,403km,1 hr 05 min,1,5
2024/10/3,全日空航空,NH964,北京首都,08:20,东京羽田,12:50,2113km,3 hr 30 min,3,30
2024/8/26,中国国航,CA1958,惠州平潭,13:15,北京首都,16:40,2016km,3 hr 25 min,3,25
2024/8/23,海南航空,HU7382,北京首都,08:00,海口美兰,11:45,2550km,3 hr 45 min,3,45
2024/8/18,中国国航,CA1884,上海浦东,17:40,北京首都,20:20,1178km,2 hr 40 min,2,40
2024/6/12,东方航空,MU5161,上海浦东,15:30,北京首都,18:00,1178km,2 hr 30 min,2,30
2024/6/12,东方航空,MU230,名古屋中部国际,10:30,上海浦东,11:55,1478km,2 hr 25 min,2,25
2024/6/8,东方航空,MU229,上海浦东,18:25,名古屋中部国际,21:35,1458km,2 hr 10 min,2,10
2024/6/8,东方航空,MU5196,北京大兴,13:55,上海浦东,16:20,1178km,2 hr 25 min,2,25
2024/4/8,全日空航空,NH963,东京羽田,17:20,北京首都,20:15,2113km,3 hr 55 min,3,55
2024/4/3,全日空航空,NH962,北京首都,15:10,东京羽田,19:35,2113km,3 hr 25 min,3,25
2024/3/24,新加坡航空,SQ806,新加坡樟宜,16:55,北京首都,23:00,4491km,6 hr 05 min,6,5
2024/3/24,新加坡航空,SQ107,吉隆坡国际,11:05,新加坡樟宜,12:15,315km,1 hr 10 min,1,10
2024/3/22,新加坡航空,SQ106,新加坡樟宜,08:30,吉隆坡国际,09:30,315km,1 hr 00 min,1,0
2024/3/22,新加坡航空,SQ801,北京首都,00:10,新加坡樟宜,06:45,4491km,6 hr 35 min,6,35
2024/2/21,卡塔尔航空,QR892,多哈哈马德国际,02:05,北京大兴,14:45,6160km,7 hr 40 min,7,40
2024/2/20,卡塔尔航空,QR146,巴塞罗那埃尔普拉特,15:20,多哈哈马德国际,23:25,4860km,6 hr 05 min,6,5
2024/2/15,伊比利亚航空,IB8931,格拉纳达,09:50,马德里巴拉哈斯,11:00,371km,1 hr 10 min,1,10
2024/2/12,卡塔尔航空,QR149,多哈哈马德国际,08:15,马德里巴拉哈斯,13:55,5326km,7 hr 40 min,7,40
2024/2/12,卡塔尔航空,QR893,北京大兴,01:25,多哈哈马德国际,06:10,6160km,9 hr 45 min,9,45
2024/1/29,东方航空,MU526,大阪关西,15:55,北京大兴,18:05,1763km,3 hr 10 min,3,10
2024/1/27,国泰航空,CX566,香港国际,01:50,大阪关西,06:20,2491km,3 hr 30 min,3,30
2024/1/26,国泰航空,CX393,北京首都,18:35,香港国际,22:25,1993km,3 hr 50 min,3,50
2024/1/14,中国国航,CA1532,上海虹桥,14:25,北京首都,16:45,1178km,2 hr 20 min,2,20
2024/1/13,中国国航,CA1501,北京首都,08:30,上海虹桥,10:55,1178km,2 hr 25 min,2,25
2023/11/19,日本航空,JL25,东京羽田,17:20,北京首都,20:25,2113km,4 hr 05 min,4,5
2023/11/15,南方航空,CZ8029,北京大兴,10:30,大阪关西,14:15,1763km,2 hr 45 min,2,45
2023/10/4,沙特航空,SV886,利雅得,02:20,北京大兴,16:50,6598km,9 hr 30 min,9,30
2023/10/3,沙特航空,SV638,安曼阿莉娅王后,22:10,利雅得,00:30,1289km,2 hr 20 min,2,20
2023/9/26,国泰航空,CX675,香港国际,01:45,特拉维夫本古里安,07:45,7729km,11 hr 00 min,11,0
2023/9/25,香港航空,HX313,北京首都,20:15,香港国际,23:50,1993km,3 hr 35 min,3,35
2023/9/25,国泰航空,CX393,北京首都,18:40,香港国际,22:25,1993km,3 hr 45 min,3,45
2023/6/25,南方航空,CZ6127,大连周水子,16:30,北京大兴,18:05,579km,1 hr 35 min,1,35
2023/6/18,中国国航,CA1696,大庆萨尔图,16:55,北京首都,19:15,1100km,2 hr 20 min,2,20
2023/6/16,中国国航,CA1683,北京首都,20:00,大庆萨尔图,22:00,1100km,2 hr 00 min,2,0
2023/5/4,维珍航空,VS250,伦敦希思罗,13:45,上海浦东,09:25,9203km,12 hr 40 min,12,40
2023/4/28,海南航空,HU421,长沙黄花,15:00,伦敦希思罗,19:30,9064km,11 hr 30 min,11,30
2023/4/28,海南航空,HU7635,北京首都,07:30,长沙黄花,09:55,1446km,2 hr 25 min,2,25
2023/3/12,中国国航,CA112,香港国际,14:35,北京首都,18:10,1993km,3 hr 35 min,3,35
2023/3/11,国泰航空,CX509,东京成田,09:00,香港国际,13:25,2962km,5 hr 25 min,5,25
2023/3/4,日本航空,JL824,天津滨海,14:55,东京成田,19:20,2064km,3 hr 25 min,3,25
2023/2/18,中国国航,CA1569,北京首都,08:50,青岛胶东,10:20,646km,1 hr 30 min,1,30
2023/2/8,东方航空,MU5168,宁波栎社,17:45,北京大兴,20:00,1338km,2 hr 15 min,2,15
2023/2/4,中国国航,CA1519,北京首都,09:30,上海虹桥,11:55,1178km,2 hr 25 min,2,25
2022/10/3,中国国航,CA1548,上海虹桥,13:45,北京首都,16:15,1178km,2 hr 30 min,2,30
2022/9/30,中国国航,CA1501,北京首都,08:30,上海虹桥,10:55,1178km,2 hr 25 min,2,25
2022/9/11,吉祥航空,HO1237,上海浦东,14:25,青岛胶东,16:00,693km,1 hr 35 min,1,35
2022/9/9,中国国航,CA1501,北京首都,08:30,上海虹桥,10:55,1178km,2 hr 25 min,2,25
2022/2/6,中国国航,CA1570,青岛胶东,11:05,北京首都,12:40,646km,1 hr 35 min,1,35
2022/2/4,吉祥航空,HO1115,上海浦东,11:50,青岛胶东,13:20,693km,1 hr 30 min,1,30
2022/2/2,东方航空,MU5112,北京首都,13:00,上海虹桥,15:15,1178km,2 hr 15 min,2,15
2021/11/1,中国国航,CA1502,上海虹桥,12:30,北京首都,15:05,1178km,2 hr 35 min,2,35
2021/10/3,加拿大航空,AC27,多伦多皮尔逊,01:20,上海浦东,06:40,11427km,17 hr 20 min,17,20
2021/5/25,美国联合,UA4552,芝加哥奥黑尔,17:50,多伦多皮尔逊,20:36,701km,1 hr 46 min,1,46
2021/5/25,美国联合,UA1400,旧金山国际,09:00,芝加哥奥黑尔,15:19,2968km,4 hr 19 min,4,19
2020/9/7,美国联合,UA1666,洛杉矶国际,18:55,旧金山国际,20:21,545km,1 hr 26 min,1,26
2020/9/4,美国联合,UA368,旧金山国际,18:45,洛杉矶国际,20:23,545km,1 hr 38 min,1,38
2020/3/8,阿拉斯加航空,AS2522,洛杉矶国际,16:15,诺曼峰田圣何塞,17:38,494km,1 hr 23 min,1,23
2020/3/8,全日空航空,NH176,东京成田,16:00,洛杉矶国际,09:40,8763km,9 hr 40 min,9,40
2020/2/27,美国联合,UA875,旧金山国际,10:35,东京羽田,14:45,8255km,11 hr 10 min,11,10
2020/1/20,汉莎航空,LH458,慕尼黑,16:30,旧金山国际,19:35,9437km,12 hr 05 min,12,5
2020/1/20,汉莎航空,LH1843,罗马菲乌米奇诺,11:00,慕尼黑,12:35,732km,1 hr 35 min,1,35
2020/1/17,瑞士航空,LX1732,苏黎世,17:35,罗马菲乌米奇诺,19:10,700km,1 hr 35 min,1,35
2020/1/16,瑞士航空,LX39,旧金山国际,19:50,苏黎世,15:45,9376km,10 hr 55 min,10,55
2019/11/24,荷兰皇家航空,KL605,阿姆斯特丹史基浦,10:20,旧金山国际,12:20,8787km,11 hr 00 min,11,0
2019/11/24,荷兰皇家航空,KL1662,巴塞罗那埃尔普拉特,06:00,阿姆斯特丹史基浦,08:30,1240km,2 hr 30 min,2,30
2019/11/21,荷兰皇家航空,KL1673,阿姆斯特丹史基浦,14:25,巴塞罗那埃尔普拉特,16:35,1240km,2 hr 10 min,2,10
2019/11/20,荷兰皇家航空,KL656,明尼阿波利斯圣保罗,21:20,阿姆斯特丹史基浦,12:15,6686km,7 hr 55 min,7,55
2019/11/20,达美航空,DL1344,旧金山国际,13:17,明尼阿波利斯圣保罗,18:58,2552km,3 hr 41 min,3,41
2019/11/18,西南航空,WN1446,哈里里德国际,06:55,诺曼峰田圣何塞,08:20,635km,1 hr 25 min,1,25
2019/11/17,西南航空,WN5889,诺曼峰田圣何塞,08:45,哈里里德国际,10:05,635km,1 hr 20 min,1,20
2019/8/19,大韩航空,KE25,首尔仁川国际,20:00,旧金山国际,15:00,9070km,11 hr 00 min,11,0
2019/8/18,大韩航空,KE5804,北京首都,18:10,首尔仁川国际,21:10,914km,2 hr 00 min,2,0
2019/8/18,南方航空,CZ6213,大庆萨尔图,07:25,北京首都,09:35,1100km,2 hr 10 min,2,10
2019/8/13,山东航空,SC8431,青岛流亭,19:10,大庆萨尔图,21:25,1375km,2 hr 15 min,2,15
2019/8/12,吉祥航空,HO1289,上海浦东,13:20,青岛流亭,15:05,693km,1 hr 45 min,1,45
2019/8/9,东方航空,MU722,香港国际,12:05,上海虹桥,14:40,1244km,2 hr 35 min,2,35
2019/8/8,韩亚航空,OZ721,首尔仁川国际,09:00,香港国际,11:40,2069km,3 hr 40 min,3,40
2019/8/6,韩亚航空,OZ211,旧金山国际,23:30,首尔仁川国际,04:00,9094km,12 hr 30 min,12,30
2019/6/18,西南航空,WN2105,洛杉矶国际,21:50,诺曼峰田圣何塞,22:55,494km,1 hr 05 min,1,5
2019/6/18,西南航空,WN1696,诺曼峰田圣何塞,17:05,洛杉矶国际,18:25,496km,1 hr 20 min,1,20
2019/5/5,美国联合,UA1991,纽约纽瓦克国际,10:00,旧金山国际,13:04,4123km,6 hr 04 min,6,4
2019/5/3,美国联合,UA349,旧金山国际,21:30,纽约纽瓦克国际,05:53,4123km,5 hr 23 min,5,23
2019/5/1,阿拉斯加航空,AS647,纽约肯尼迪国际,11:40,旧金山国际,15:15,4139km,6 hr 35 min,6,35
2019/4/24,阿拉斯加航空,AS1024,旧金山国际,13:20,纽约肯尼迪国际,22:00,4139km,5 hr 40 min,5,40
2018/12/16,全日空航空,NH172,东京成田,17:00,诺曼峰田圣何塞,09:15,8285km,9 hr 15 min,9,15
2018/12/16,全日空航空,NH922,上海浦东,10:15,东京成田,14:00,1787km,2 hr 45 min,2,45
2018/12/14,南方航空,CZ6225,大庆萨尔图,13:50,上海浦东,18:45,1950km,4 hr 55 min,4,55
2018/12/9,东方航空,MU5529,青岛流亭,11:45,大庆萨尔图,13:50,1375km,2 hr 05 min,2,5
2018/12/2,泰国航空,TG664,曼谷素万那普国际,10:35,上海浦东,15:50,2875km,4 hr 15 min,4,15
2018/12/2,泰国航空,TG338,金奈国际,01:30,曼谷素万那普国际,06:25,2219km,3 hr 25 min,3,25
2018/12/1,斯里兰卡航空,UL121,科伦坡班达拉奈克国际,07:15,金奈国际,08:35,646km,1 hr 20 min,1,20
2018/12/1,斯里兰卡航空,UL867,上海浦东,00:20,科伦坡班达拉奈克国际,05:10,5104km,7 hr 20 min,7,20
2018/11/30,全日空航空,NH921,东京成田,18:50,上海浦东,21:30,1797km,3 hr 40 min,3,40
2018/11/29,全日空航空,NH171,诺曼峰田圣何塞,10:55,东京成田,15:10,8285km,11 hr 15 min,11,15
2018/9/9,美国联合,UA1442,芝加哥奥黑尔,10:15,旧金山国际,12:45,2968km,4 hr 30 min,4,30
2018/9/7,美国联合,UA2264,旧金山国际,23:59,芝加哥奥黑尔,05:51,2968km,3 hr 52 min,3,52
2018/7/30,全日空航空,NH7012,东京成田,17:00,旧金山国际,10:45,8235km,9 hr 45 min,9,45
2018/7/30,全日空航空,NH828,德里英迪拉甘地,01:10,东京成田,12:55,5883km,8 hr 15 min,8,15
2018/7/29,捷特航空,9W305,孟买贾特拉帕蒂希瓦吉,15:25,德里英迪拉甘地,17:40,1139km,2 hr 15 min,2,15
2018/7/28,印度航空,AI604,班加罗尔,08:50,孟买贾特拉帕蒂希瓦吉,10:45,835km,1 hr 55 min,1,55
2018/7/22,印度航空,AI174,德里英迪拉甘地,17:40,班加罗尔,20:25,1710km,2 hr 45 min,2,45
2018/7/21,捷特航空,9W339,孟买贾特拉帕蒂希瓦吉,03:00,德里英迪拉甘地,05:05,1139km,2 hr 05 min,2,5
2018/7/20,汉莎航空,LH764,慕尼黑,11:45,孟买贾特拉帕蒂希瓦吉,23:15,6313km,8 hr 00 min,8,0
2018/7/19,美国联合,UA194,旧金山国际,13:55,慕尼黑,10:05,9437km,11 hr 10 min,11,10
2018/6/3,西南航空,WN6257,西雅图塔克马国际,20:50,诺曼峰田圣何塞,22:55,1124km,2 hr 05 min,2,5
2018/6/1,西南航空,WN244,诺曼峰田圣何塞,19:50,西雅图塔克马国际,21:55,1124km,2 hr 05 min,2,5
2018/5/13,西南航空,WN3130,休斯敦霍比,11:30,诺曼峰田圣何塞,14:55,2716km,5 hr 25 min,5,25
2018/5/10,西南航空,WN1792,诺曼峰田圣何塞,13:55,休斯敦霍比,19:35,2607km,3 hr 40 min,3,40
2018/4/29,西南航空,WN1689,西雅图塔克马国际,12:00,诺曼峰田圣何塞,14:15,1124km,2 hr 15 min,2,15
2018/4/27,西南航空,WN244,诺曼峰田圣何塞,19:50,西雅图塔克马国际,21:55,1124km,2 hr 05 min,2,5
2018/3/13,阿拉斯加航空,AS302,西雅图塔克马国际,11:40,诺曼峰田圣何塞,13:47,1124km,2 hr 07 min,2,7
2018/3/9,阿拉斯加航空,AS327,诺曼峰田圣何塞,08:00,西雅图塔克马国际,10:15,1124km,2 hr 15 min,2,15
2018/1/23,精神航空,NK217,休斯敦乔治布什洲际,23:00,洛杉矶国际,02:51,2217km,5 hr 51 min,5,51
2018/1/23,精神航空,NK957,洛杉矶国际,08:00,奥克兰都会,09:28,543km,1 hr 28 min,1,28
2018/1/12,美国联合,UA4369,伯明翰沙特尔斯沃思国际,10:25,休斯敦乔治布什洲际,12:35,904km,2 hr 10 min,2,10
2018/1/11,美国联合,UA4366,休斯敦乔治布什洲际,21:55,伯明翰沙特尔斯沃思国际,23:45,904km,1 hr 50 min,1,50
2018/1/4,美国联合,UA1925,休斯敦乔治布什洲际,20:05,旧金山国际,00:40,2631km,6 hr 35 min,6,35
2018/1/4,美国联合,UA1925,休斯敦乔治布什洲际,06:05,旧金山国际,08:40,2631km,4 hr 35 min,4,35
2017/12/26,美国联合,UA1963,洛杉矶国际,12:35,休斯敦乔治布什洲际,17:51,2217km,3 hr 16 min,3,16
2017/12/16,美国联合,UA1925,休斯敦乔治布什洲际,06:00,旧金山国际,08:37,2631km,4 hr 37 min,4,37
2017/12/4,美国联合,UA1851,诺曼峰田圣何塞,13:05,休斯敦乔治布什洲际,18:54,2586km,3 hr 49 min,3,49
2017/12/2,美国联合,UA1957,休斯敦乔治布什洲际,09:50,诺曼峰田圣何塞,12:10,2586km,4 hr 20 min,4,20
2017/12/1,西南航空,WN12,休斯敦霍比,23:00,爱田,00:10,385km,1 hr 10 min,1,10
2017/12/1,西南航空,WN55,爱田,20:00,休斯敦霍比,21:05,385km,1 hr 05 min,1,5
2017/8/31,美国联合,UA1407,洛杉矶国际,09:01,休斯敦乔治布什洲际,14:30,2217km,3 hr 29 min,3,29
2017/8/26,美国联合,UA1227,休斯敦乔治布什洲际,11:55,洛杉矶国际,13:29,2217km,3 hr 34 min,3,34
2017/8/21,美国联合,UA1879,圣地亚哥国际,15:40,休斯敦乔治布什洲际,20:57,2096km,3 hr 17 min,3,17
2017/8/19,美国联合,UA1150,休斯敦乔治布什洲际,09:31,圣地亚哥国际,10:43,2096km,3 hr 12 min,3,12
2017/8/16,阿拉斯加航空,AS776,西雅图塔克马国际,22:50,休斯敦乔治布什洲际,05:10,3016km,4 hr 20 min,4,20
2017/8/16,海南航空,HU495,北京首都,15:50,西雅图塔克马国际,11:35,8679km,10 hr 45 min,10,45
2017/8/15,南方航空,CZ6213,大庆萨尔图,07:25,北京首都,09:35,1100km,2 hr 10 min,2,10
2017/8/6,东方航空,MU5611,上海浦东,14:05,哈尔滨太平,18:50,1854km,4 hr 45 min,4,45
2017/8/4,东方航空,MU9172,哈尔滨太平,11:50,上海浦东,14:45,1854km,2 hr 55 min,2,55
2017/7/17,海南航空,HU496,西雅图塔克马国际,14:00,北京首都,16:35,8679km,11 hr 35 min,11,35
2017/7/17,阿拉斯加航空,AS347,休斯敦乔治布什洲际,06:23,西雅图塔克马国际,09:02,3016km,4 hr 39 min,4,39
2017/6/4,美国航空,AA1054,达拉斯沃思堡国际,21:45,休斯敦乔治布什洲际,22:52,362km,1 hr 07 min,1,7
2017/6/4,美国航空,AA1009,旧金山国际,15:35,达拉斯沃思堡国际,19:00,2362km,1 hr 25 min,1,25
2017/6/1,边疆航空,F91435,休斯敦乔治布什洲际,20:59,旧金山国际,23:19,2631km,4 hr 20 min,4,20
2016/12/23,新加坡航空,SQ52,曼彻斯特,10:10,休斯敦乔治布什洲际,14:30,7578km,10 hr 20 min,10,20
2016/12/14,新加坡航空,SQ51,休斯敦乔治布什洲际,18:50,曼彻斯特,09:40,7578km,8 hr 50 min,8,50
2016/10/24,精神航空,NK906,奥克兰都会,13:28,休斯敦乔治布什洲际,19:14,2618km,3 hr 46 min,3,46
2016/10/21,精神航空,NK825,休斯敦乔治布什洲际,10:44,奥克兰都会,12:48,2618km,4 hr 04 min,4,4
2016/8/10,中国国航,CA995,北京首都,15:00,休斯敦乔治布什洲际,15:40,11643km,13 hr 40 min,13,40
2016/8/9,中国国航,CA1696,大庆萨尔图,16:05,北京首都,18:10,1100km,2 hr 05 min,2,5
2016/7/30,南方航空,CZ6226,青岛流亭,22:20,大庆萨尔图,00:25,1375km,2 hr 05 min,2,5
2016/7/24,南方航空,CZ6225,大庆萨尔图,14:30,青岛流亭,16:45,1375km,2 hr 15 min,2,15
2016/5/27,南方航空,CZ6200,广州白云,15:25,大庆萨尔图,21:40,2991km,6 hr 15 min,6,15
2016/5/19,国泰航空,CX501,东京成田,10:45,香港国际,14:40,2933km,4 hr 55 min,4,55
2016/5/11,国泰航空,CX520,香港国际,10:30,东京成田,15:55,2933km,4 hr 25 min,4,25
2016/3/26,东方航空,MU711,上海浦东,13:40,香港国际,16:20,1244km,2 hr 40 min,2,40
2016/3/24,东方航空,MU5342,深圳宝安,12:55,上海浦东,15:20,1343km,2 hr 25 min,2,25
2016/2/14,东方航空,MU9845,上海虹桥,15:15,香港国际,17:35,1244km,2 hr 20 min,2,20
2016/2/14,上海航空,FM845,上海虹桥,15:15,香港国际,17:35,1244km,2 hr 20 min,2,20
2016/2/14,东方航空,MU5514,青岛流亭,08:00,上海虹桥,09:45,693km,1 hr 45 min,1,45
2016/2/6,东方航空,MU5517,上海虹桥,17:05,青岛流亭,18:40,693km,1 hr 35 min,1,35
2016/2/6,东方航空,MU722,香港国际,11:55,上海虹桥,14:30,1244km,2 hr 35 min,2,35
2016/1/8,南方航空,CZ6199,大庆萨尔图,08:25,广州白云,14:55,2991km,6 hr 30 min,6,30
2015/12/21,南方航空,CZ6212,深圳宝安,11:30,哈尔滨太平,17:35,3034km,6 hr 05 min,6,5
2015/6/29,东方航空,MU203,西安咸阳,11:10,香港国际,13:35,1440km,2 hr 25 min,2,25
2015/6/27,中国国航,CA1223,北京首都,12:25,西安咸阳,14:25,936km,2 hr 00 min,2,0
2015/6/26,中国国航,CA1684,大庆萨尔图,09:50,北京首都,12:00,1100km,2 hr 10 min,2,10
2015/5/23,南方航空,CZ6226,上海浦东,19:10,大庆萨尔图,23:25,1950km,4 hr 15 min,4,15
2015/5/21,山东航空,SC4603,青岛流亭,18:55,上海浦东,20:20,693km,1 hr 25 min,1,25
2015/5/21,南方航空,CZ6225,大庆萨尔图,14:10,上海浦东,18:15,1950km,4 hr 05 min,4,5
2015/5/11,南方航空,CZ6200,广州白云,15:25,大庆萨尔图,21:40,2991km,6 hr 15 min,6,15
2015/2/23,南方航空,CZ6273,哈尔滨太平,08:55,深圳宝安,13:30,3034km,4 hr 35 min,4,35
2015/2/13,南方航空,CZ6200,广州白云,16:00,大庆萨尔图,22:10,2991km,6 hr 10 min,6,10
2015/1/10,东方航空,MU723,上海浦东,18:30,香港国际,21:30,1244km,3 hr 00 min,3,0
2015/1/10,东方航空,MU5518,青岛流亭,12:35,上海虹桥,14:10,693km,1 hr 35 min,1,35
2015/1/4,南方航空,CZ6225,大庆萨尔图,13:50,青岛流亭,15:50,1375km,2 hr 00 min,2,0
2014/12/14,南方航空,CZ6200,广州白云,16:00,大庆萨尔图,22:10,2991km,6 hr 10 min,6,10
2014/12/11,虎航,TR2066,新加坡樟宜,14:10,香港国际,18:10,2565km,4 hr 00 min,4,0
2014/11/16,泰国航空,TG403,曼谷素万那普国际,08:00,新加坡樟宜,11:15,1430km,2 hr 15 min,2,15
2014/11/13,泰国航空,TG408,新加坡樟宜,18:15,曼谷素万那普国际,19:35,1430km,2 hr 20 min,2,20
2014/10/3,虎航,TR1,悉尼金斯福德,12:40,新加坡樟宜,18:50,6295km,8 hr 10 min,8,10
2014/9/30,澳洲航空,QF444,墨尔本,15:30,悉尼金斯福德,16:55,733km,1 hr 25 min,1,25
2014/9/28,澳洲航空,QF686,阿德莱德,14:15,墨尔本,15:35,637km,0 hr 50 min,0,50
2014/9/27,澳洲航空,QF668,珀斯,09:35,阿德莱德,13:55,2117km,2 hr 50 min,2,50
2014/9/25,虎航,TR8,新加坡樟宜,12:30,珀斯,17:15,3912km,4 hr 45 min,4,45
2014/8/5,虎航,TR2069,香港国际,21:45,新加坡樟宜,01:35,2565km,3 hr 50 min,3,50
2014/8/5,南方航空,CZ6273,哈尔滨太平,09:05,深圳宝安,13:25,3034km,4 hr 20 min,4,20
2014/7/25,中国国航,CA990,纽约肯尼迪国际,12:50,北京首都,14:20,10970km,13 hr 30 min,13,30
2014/7/15,国泰航空,CX830,香港国际,09:20,纽约肯尼迪国际,13:05,12963km,15 hr 45 min,15,45
2014/7/12,南方航空,CZ6708,哈尔滨太平,12:00,上海浦东,14:25,1854km,2 hr 25 min,2,25
2014/6/23,南方航空,CZ6200,广州白云,15:35,大庆萨尔图,21:50,2991km,6 hr 15 min,6,15
2014/6/22,港龙航空,KA207,金边国际,11:25,香港国际,15:05,1536km,2 hr 40 min,2,40
2014/6/11,港龙航空,KA206,香港国际,14:30,金边国际,16:05,1536km,2 hr 35 min,2,35
2014/2/9,东方航空,MU509,上海浦东,14:55,香港国际,17:35,1254km,2 hr 40 min,2,40
2014/2/9,东方航空,MU5616,哈尔滨太平,09:30,上海浦东,12:05,1854km,2 hr 35 min,2,35
2014/1/29,东方航空,MU5611,上海浦东,14:20,哈尔滨太平,17:10,1854km,2 hr 50 min,2,50
2014/1/29,东方航空,MU724,香港国际,09:55,上海浦东,12:15,1244km,2 hr 20 min,2,20
2013/8/25,南方航空,CZ6199,大庆萨尔图,08:00,广州白云,14:05,2991km,6 hr 05 min,6,5
2013/6/3,香港航空,HX408,香港国际,11:40,哈尔滨太平,16:30,2850km,4 hr 50 min,4,50
2013/3/31,春秋航空,9C8969,上海浦东,19:05,香港国际,21:25,1244km,2 hr 20 min,2,20
2013/3/28,南方航空,CZ6755,深圳宝安,09:50,上海浦东,12:10,1343km,2 hr 20 min,2,20
2013/2/16,南方航空,CZ6357,青岛流亭,12:05,深圳宝安,14:55,2049km,2 hr 50 min,2,50
2013/2/9,港龙航空,KA950,香港国际,10:45,青岛流亭,13:50,1654km,3 hr 05 min,3,5
2013/1/26,南方航空,CZ3743,哈尔滨太平,10:10,深圳宝安,16:05,3034km,5 hr 55 min,5,55
2013/1/15,深圳航空,ZH9771,深圳宝安,12:40,哈尔滨太平,17:00,3034km,4 hr 20 min,4,20
2012/8/24,南方航空,CZ3743,哈尔滨太平,10:00,深圳宝安,16:05,3034km,6 hr 05 min,6,5
2012/8/4,南方航空,CZ6214,北京首都,10:30,大庆萨尔图,12:30,1100km,2 hr 00 min,2,0
2012/8/2,汉莎航空,LH720,法兰克福,17:10,北京首都,09:30,7789km,10 hr 20 min,10,20
2012/8/2,汉莎航空,LH1031,巴黎戴高乐,11:30,法兰克福,12:45,449km,1 hr 15 min,1,15
2012/7/23,汉莎航空,LH238,法兰克福,16:05,罗马菲乌米奇诺,17:55,961km,1 hr 50 min,1,50
2012/7/23,汉莎航空,LH721,北京首都,10:30,法兰克福,13:45,7789km,9 hr 15 min,9,15
2012/7/20,南方航空,CZ6213,大庆萨尔图,07:50,北京首都,09:35,1100km,1 hr 45 min,1,45
2012/2/12,南方航空,CZ6226,上海浦东,18:40,大庆萨尔图,22:40,1950km,4 hr 00 min,4,0
2012/2/10,南方航空,CZ6225,大庆萨尔图,13:30,上海浦东,17:40,1950km,4 hr 10 min,4,10
2011/2/6,南方航空,CZ6226,青岛流亭,20:40,大庆萨尔图,22:40,1375km,2 hr 00 min,2,0
2011/1/29,南方航空,CZ6225,大庆萨尔图,13:30,青岛流亭,15:30,1375km,2 hr 00 min,2,0
2010/10/4,东方航空,MU5611,上海浦东,15:30,哈尔滨太平,18:10,1854km,2 hr 40 min,2,40
2010/10/1,东方航空,MU5620,哈尔滨太平,08:00,上海浦东,10:30,1854km,2 hr 30 min,2,30
2010/7/19,南方航空,CZ3632,哈尔滨太平,12:55,青岛流亭,14:45,1152km,1 hr 50 min,1,50
